currencyCode,buyRate,sellRate,transferRate,effectiveDate
USD,25160.0000,25490.0000,25210.0000,2026-09-30
EUR,26880.0000,28350.0000,27150.0000,2026-09-30
GBP,32180.0000,33560.0000,32500.0000,2026-09-30
JPY,162.7000,172.3000,164.4000,2026-09-30
SGD,18940.0000,19750.0000,19130.0000,2026-09-30
AUD,16470.0000,17170.0000,16640.0000,2026-09-30
CAD,18140.0000,18910.0000,18320.0000,2026-09-30
CHF,28770.0000,29990.0000,29060.0000,2026-09-30
CNY,3485.0000,3635.0000,3520.0000,2026-09-30
KRW,18.1800,20.2000,19.2800,2026-09-30
THB,716.0000,749.5000,730.0000,2026-09-30
